"waiting_time_group","suicidal","percentage"
"0 - 171","No",76.5327695560254
"0 - 171","Yes",23.4672304439746
"172 - 343","No",72.202166064982
"172 - 343","Yes",27.7978339350181
"344 - 515","No",60
"344 - 515","Yes",40
"516 - 687","No",66.6666666666667
"516 - 687","Yes",33.3333333333333
"688 - 859","No",50
"688 - 859","Yes",50
